HOME,DRAW,AWAY
1.83,3.7,3.72
6.08,4.5,1.44
2.41,3.37,2.82
3.42,3.31,2.05
2.5,3.32,2.63
2.14,3.43,3.1
2.85,2.82,2.78
1.52,4.44,4.75
1.41,4.98,6.36
1.83,4.11,3.33
1.98,3.64,3.1
9.61,4.73,1.32
2.09,3.41,2.88
1.38,4.45,6.37
3.05,3.35,2.07
1.84,3.57,3.52
1.76,3.28,5.23
2.61,3.58,2.26
1.96,3.52,3.21
5.4,4.24,1.46
4.03,3.82,1.68
2.54,3.89,2.21
1.8,3.64,4.2
2.59,2.95,2.83
3.02,3.08,2.35
5.09,4.47,1.48
1.15,7.96,10.66
2.3,3.63,2.6
2.02,3.79,3.07
1.54,4.59,4.95
2.09,3.38,3.36
2.07,3.27,3.72
1.81,3.49,4.03
1.65,3.79,5.3
1.63,3.79,5.55
2.52,3.18,2.7
3.06,3.23,2.39
1.85,3.7,4.23
2.03,3.55,3.67
2.42,3.24,3.08
2.96,3.23,2.51
2.45,3.31,2.95
2.57,3.22,2.87
3.01,3.24,2.46
1.62,3.69,5.92
2.01,3.38,3.73
2.28,3.35,3.08
2.31,3.32,3.07
2.53,3.24,2.8
2.84,3.09,2.6
2.03,3.42,3.62
1.84,3.48,4.38
2.44,3.27,2.88
2.13,3.39,3.39
2.1,3.4,3.43
2.14,3.38,3.36
3.15,3.29,2.28
2.12,3.33,3.45
2.79,3.34,2.48
2.08,3.37,3.52
2.85,3.33,2.42
2.52,3.22,2.79
4.5,3.51,1.79
2.6,3.28,2.65
2.12,3.29,3.44
1.76,3.77,4.03
1.8,3.7,3.89
2,3.48,3.36
1.72,3.78,4.15
2.06,3.42,3.26
2.19,3.42,2.98
1.56,4.02,5.1
1.76,3.59,4.2
2.69,3.35,2.4
2.26,3.31,2.92
1.68,3.74,4.57
2.03,3.48,3.28
2.45,3.43,2.6
1.76,3.57,4.24
2.83,3.36,2.3
5.83,4.72,1.37
1.38,4.64,8.37
1.46,4.27,7.18
2.26,3.33,2.99
1.8,3.63,4.14
1.9,3.55,3.73
1.18,7,8.85
3.47,4.4,1.68
1.63,4.16,3.97
2.22,3.72,2.57
2.17,3.97,2.53
2.44,3.65,2.35
2.4,3.1,2.7
3.47,2.94,2.21
2.48,3.07,2.83
1.66,3.92,4.31
2.87,3.31,2.39
2.57,3.43,2.57
2.66,3.37,2.51
2.43,3.4,2.75
4.91,3.97,1.62
2.57,3.33,2.58
2.39,3.54,2.66
2.12,3.48,3.17
3.26,3.68,2.01
2.88,3.49,2.27
2.45,3.44,2.64
1.95,3.7,3.45
2.54,3.26,2.79
1.82,3.47,4.52
2.67,3.18,2.7
2.26,3.16,3.38
2.28,3.4,3.03
2.31,3.39,2.99
1.9,3.35,3.77
1.79,3.36,4.22
1.72,3.56,4.57
6.95,5.3,1.36
2.45,4.1,2.29
1.66,3.84,4.7
1.68,3.54,5.15
3.16,3.49,2.04
2.43,3.48,2.54
2.4,3.6,2.4
1.96,3.2,3.63
2.56,3.23,2.82
2.32,3.41,3.02
2.23,3.32,3.45
2.57,3.46,2.76
1.83,3.27,4.06
2.68,3.29,2.63
3.59,3.55,2.01
1.89,3.65,3.94
2.38,3.33,2.94
1.74,3.52,5.07
1.83,3.38,4.56
2.73,3.46,2.38
1.91,4.2,2.88
3.8,4.5,1.6
6.5,5.5,1.29
4.21,4.2,1.58
1.81,4.01,3.25
1.81,3.4,3.78
3.2,4.5,1.73
1.8,4.5,3
2.3,4,2.3
1.52,3.45,5.73
5.95,5.5,1.31
1.4,4.53,5.48
4.46,4.5,1.51
1.68,3,5.45
1.02,19.5,33.67
1.34,5,5.9
2.12,4,2.59
2.17,4,2.5
1.2,5.5,10
1.8,3.5,3.6
2.32,3.49,2.77
1.29,5,7.5
2,4,2.75
3.75,4.33,1.62
1.5,3.1,8
2.6,2.88,2.63
2.6,2.88,2.63
1.8,3.6,3.6
4.33,3.75,1.62
1.73,3.5,4
1.82,3.4,3.76
1.2,6.5,8
2.75,4.5,1.91
1.51,5.5,3.79
1.8,3.6,3.6
1.25,6,7
2.1,3.25,3
1.73,3.3,4.33
1.91,3.4,3.4
1.91,3.25,3.5
2.11,3.75,2.7
4.01,4.3,1.57
3.97,4.33,1.58
4.3,4.33,1.54
3.74,3.75,1.73
1.94,3.73,3.14
1.78,3.54,3.73
3.52,3.58,2.02
2.72,3.22,2.52
2.4,3.26,2.93
1.91,3.42,3.95
3.5,3.25,1.91
3.5,3.25,1.91
1.67,3.96,4.88
1.6,3.6,4.75
1.76,3.7,4.46
1.7,3.51,4.26
1.1,9,14
3.5,3.3,1.91
1.52,3.83,5.82
3.82,3.45,1.83
2.12,3.45,3.38
2.2,3.3,3.33
1.82,3.38,4.6
2.07,3.49,3.45
1.69,4.07,3.85
6.43,4.75,1.34
1.08,9.59,15.17
2.08,3.72,2.9
2.11,3.62,2.92
2.19,3.56,2.82
2.16,3.87,2.67
1.52,4.24,5
5.82,4.65,1.43
1.77,3.5,4.43
2.18,3.53,2.87
1.44,4.5,5.66
1.69,3.67,4.3
2.54,3.74,2.22
1.6,4.47,3.7
1.63,4,3.97
2.11,3.75,2.7
2.98,4.18,1.85
2.64,3.37,2.62
2.3,5,2.1
1.72,3.69,4.27
3.07,3.18,2.23
1.89,3.59,3.8
1.62,3.95,4.99
2.97,3.25,2.34
1.91,3.35,4.01
1.67,3.94,4.28
3.11,3.3,2.3
3.07,3.39,2.17
1.97,3.36,3.69
1.27,5.83,8.79
2.46,3.13,3.01
1.47,4.17,7.07
2.62,3.17,2.71
1.97,3.3,3.9
1.28,5.52,6.25
2.72,3.25,2.46
1.48,3.99,6.43
2.18,3.29,3.13
2.3,3.37,2.83
1.71,3.64,4.58
1.92,3.15,4.56
9.1,5.76,1.23
1.63,3.33,5.37
1.82,3.55,4.21
1.98,3.36,3.75
2.75,3.17,2.58
2.4,3.11,3.02
5.24,3.93,1.63
2.23,3.41,2.81
1.67,3.66,4.76
3.66,3.56,1.94
2.39,3.22,3.08
3.45,3.4,2.13
3.12,3.31,2.32
4.88,3.79,1.68
2.63,3.11,2.8
2.17,3.22,3
1.31,5.08,9.6
3.36,3.32,2.14
2.26,3.12,3.29
2.1,3.44,3.43
3,3.56,2
1.29,5.42,6.56
1.27,4.97,9.06
1.7,4.09,3.93
1.17,6.85,12.35
3.27,3.92,1.91
1.32,5.08,9.77
1.1,7.83,13.72
1.17,6.31,10.88
1.67,3.81,4.61
1.74,3.82,4.43
2.42,3.35,2.85
1.44,4.6,6.64
2.99,3.07,2.36
3.41,3.96,1.91
4.79,3.64,1.69
2.06,3.52,3.2
1.88,3.61,4.02
1.72,3.04,5.18
1.53,3.26,7.09
1.53,3.82,7.03
1.65,3.94,4.65
1.57,3.64,5.08
2.19,3.64,2.78
1.26,5.05,9.5
1.54,3.68,6.28
2.43,3.23,2.65
1.99,3.76,2.81
2.57,3.05,3.06
2.26,2.88,3.1
6.44,4.06,1.47
2.35,3.08,3.1
2.02,3.15,3.87
2.57,2.92,2.96
2.41,2.99,3.11
1.83,3.41,4.33
2.09,4.09,2.56
1.53,4.17,5.93
2.68,3.08,2.53
2.32,3.52,2.69
9.93,5.35,1.24
3.25,3.45,2.11
2.06,3.16,3.76
2.02,3.3,3.35
1.39,4.87,7.65
3.23,3.35,2.16
4.64,3.62,1.74
2.48,3.33,2.82
3.61,3.34,2
1.28,5.25,8.33
1.66,3.66,5.63
1.7,3.86,4.8
3.14,3.52,2.21
2.52,3.36,2.74
1.63,3.78,5.23
1.88,3.61,3.84
2.6,3.26,2.64
1.84,3.54,4.14
2.66,3.27,2.58
1.34,4.6,7.67
3.55,3.32,2.1
2.22,3.12,3.34
7.44,4.62,1.34
1.43,4.18,6.56
2.51,3.33,2.51
1.83,3.3,4.54
1.79,3.5,4.16
7.91,4.91,1.33
1.46,3.87,7.02
2.61,3.58,2.31
2.57,3.23,2.78
1.43,4.05,6.38
3.22,3.25,2.09
1.6,3.7,5.28
1.82,3.35,4.11
1.31,4.71,9.21
1.17,6.89,13.05
1.89,3.41,4.1
8.22,4.39,1.41
1.9,3.56,4.01
1.49,4.07,7.02
1.75,3.49,4.2
1.42,4.38,7.81
1.23,6.3,11.31
1.48,4.2,6.06
1.32,4.69,9.27
1.68,3.29,4.7
2.13,3.35,3.24
1.69,3.53,4.42
2.71,3.35,2.59
6.64,3.7,1.55
1.21,5.97,10.11
1.67,3.76,4.49
1.53,4.18,6.02
1.87,3.51,3.77
1.42,4.03,7.22
3.94,3.4,1.9
3.76,3.6,1.91
3.05,3,2.39
3.08,3.68,2.02
1.51,3.91,6.93
2.37,3.18,3.07
1.39,4.87,8.46
2.2,3.22,3.07
2.45,3.03,3.12
1.86,3.55,4.53
2.09,3.38,3.37
2.94,3.2,2.28
2.11,3.3,3.79
1.96,3.5,3.75
2.49,3.04,2.75
1.53,4.12,5.45
2.44,3.35,2.6
1.6,3.51,5.57
1.41,4.45,7.9
1.76,3.52,4.75
1.94,3.27,3.72
1.83,3.53,3.98
1.88,3.32,4.1
3.11,3.2,2.1
1.63,3.89,5.17
3.23,3.26,2.23
2.55,3.41,2.32
1.9,3.4,3.5
1.64,3.54,5.02
1.5,3.96,5.74
2.56,3.03,2.56
1.75,3.52,4.82
2.86,3.15,2.54
2.22,3.18,3.18
2.23,3.21,3.22
1.66,3.67,4.58
2.88,3.16,2.49
1.53,3.78,5.31
2.07,3.57,3.38
1.72,3.36,4.72
1.61,3.57,5.17
2.5,3.17,2.84
2.12,3.12,3.22
1.63,3.2,5.4
3.2,2.5,2.52
2.01,3.4,3.09
1.8,2.98,4.31
1.49,4.43,4.42
4.13,4.44,1.53
2.39,3,2.8
2.02,4,2.74
2.3,3.2,2.75
2.01,3,3.59
1.22,4.5,14
1.73,3,5
1.36,3.75,9
1.36,3.75,9
1.3,4,11
1.3,4,11
1.8,4.2,3.1
3.1,4.2,1.8
1.25,6,7
1.33,4.75,6.5
2,3.6,3
1.8,3.4,3.75
4.75,3.8,1.57
2.5,3.4,2.4
1.44,4.2,5.5
1.67,3.25,4.75
2.2,3.4,2.9
2.5,3.2,2.52
2.59,3.4,2.32
2,3.75,2.88
2,3.4,3.1
2.5,3.4,2.4
1.8,3.1,4.2
1.85,3,4.2
1.91,3.1,3.75
2.21,3,3.09
2.5,3.2,2.5
7.4,5.4,1.33
1.29,5.6,8.5
1.67,4.05,4.42
1.56,4.3,5.03
2.63,3.4,2.4
2.41,3.05,2.83
2.26,2.98,3.27
1.4,4.45,7.08
1.51,3.7,5.68
2,3.3,3.7
2.44,3.1,2.9
5.9,3.8,1.56
1.21,5.73,12.33
9.46,5.05,1.26
2.85,3.16,2.5
5.68,3.94,1.57
1.42,4.36,7.2
2.61,3,2.77
6.43,4,1.45
1.86,3.34,4.23
2.12,3.36,3.43
2.56,3.33,2.74
2.25,3.45,3.06
1.29,5.68,9.48
2.71,3.23,2.63
1.7,4.19,3.52
1.69,4.16,3.59
1.85,3.54,3.55
2.23,3.19,3.37
1.35,4.38,10.28
2.32,3.5,2.77
2.06,3.28,3.4
1.92,3.45,4.07
2.97,3.62,2.4
1.92,4.2,3.7
1.4,4.59,6.18
4.36,3.39,1.8
1.87,3.33,4.49
1.43,4.29,6.18
2.07,3.24,3.24
2.07,3.25,3.55
5.03,3.6,1.58
1.62,3.52,4.79
2,3.2,3.3
1.81,3.35,3.72
1.7,3.43,4.39
1.76,3.95,4.82
2.25,3,3
2,3,3.6
2,3,3.6
2.25,3,3
2.75,3,2.4
3.5,3.5,1.83
2.4,3.8,2.3
3.4,3.8,1.8
13.25,9,1.1
4,3.4,1.75
3.66,3.08,2.04
2.48,3.09,3.11
2.39,3.53,2.51
2.46,3.6,2.45
11.99,6.81,1.2
3.06,3.43,2.08
2.23,3.08,2.87
2.01,3.35,3.7
1.71,3.74,4.04
1.23,5.49,8.99
2.79,2.95,2.87
3.75,3.58,1.9
1.99,3.21,4.09
1.58,3.8,5.97
3.09,3.73,2.08
4.31,3.77,1.63
2.27,3.26,3.06
2.69,3.26,2.52
3.16,3.35,2.17
5.84,4.08,1.46
3.91,3.69,1.7
1.57,4.75,4.94
2.27,4,2.78
1.47,4.88,6.08
1.78,4.2,3.97
2.34,3.43,2.95
1.58,3.85,5.75
4.87,2.9,2.06
2.58,3.03,3.07
2.57,3.17,2.96
2.61,3.07,3.03
3.06,3.16,2.51
1.95,3.54,3.62
3.99,3.75,1.68
2.65,3.12,2.68
1.92,3.53,3.97
2.44,3.34,2.85
1.91,3.55,3.95
1.57,4.03,5.72
5.62,3.92,1.6
3.18,3.42,2.21
1.73,3.61,4.65
2,3.47,3.56
2.86,3.28,2.42
1.86,3.59,3.97
2.2,3.33,3.18
1.79,3.59,4.33
1.57,3.92,5.74
1.36,4.69,8.18
3.9,3.46,1.87
2.01,3.48,3.39
2.36,3.23,2.88
2.94,3.31,2.28
3.8,3.44,1.89
3.99,3.54,1.83
1.74,3.56,4.44
2.74,3.53,2.32
1.65,3.96,4.58
2.31,3.51,2.75
3.69,3.65,1.87
2.26,3.45,2.86
1.95,3.68,3.87
1.93,3.46,3.85
1.95,3.27,3.88
1.19,6.15,13.52
1.17,7.4,11.46
2.11,3.21,3.89
5.65,4.23,1.52
2.32,3.36,2.92
1.67,4.35,3.49
2.08,3.29,3.43
2.13,3.35,3.38
12,8.25,1.12
10.18,6.58,1.18
1.85,3.7,3.65
2,4,2.75
4.16,4.5,1.54
17,13,1.04
1.19,7.1,8.7
4.33,4,1.57
2.43,3.85,2.28
3.13,3.2,2.21
3.7,3.8,1.73
2.28,3.13,3.16
1.73,3.75,3.75
1.33,4.88,7.62
2.18,3.22,3.28
1.56,3.6,5
1.75,3.51,4.34
1.68,3.5,4.35
3.31,3.45,2.1
2.07,3.35,3.46
2.56,3.11,2.71
3.42,3.14,2.14
3.05,3.11,2.32
1.74,3.51,4.8
1.56,3.57,6.2
1.44,4.04,7.29
2.06,3.23,3.45
2.5,3.4,2.4
9.33,4.57,1.37
3.01,3.24,2.23
5.25,3.76,1.59
22.16,10.13,1.05
11.01,6.4,1.19
18.21,10.29,1.07
9.3,5.36,1.26
11.39,6.49,1.18
2.48,3.27,2.75
7.75,3.98,1.47
2.36,2.93,2.9
2.96,3.19,2.3
2.28,3.02,2.96
18.09,10.31,1.07
3.23,3.14,2.32
3.36,3.2,2.23
1.54,3.43,5.55
1.96,3.2,3.84
3.21,3.11,2.36
1.73,3.18,4.65
4.3,3.64,1.71
18.82,13.46,1.04
18.43,12.67,1.05
1.73,3.65,4.68
2.47,3.33,2.74
1.84,3.51,4.21
1.31,5.06,11
2.32,3.18,3.1
1.41,4.6,6.15
2.36,3.52,2.9
1.52,4.05,6.4
2.86,3.22,2.4
2.66,3.25,2.54
2.09,3.09,3.56
2.49,3.01,3.12
2.34,2.98,3.39
1.26,5.72,10.64
4.47,3.71,1.75
2.23,3.47,3.08
3.07,3.37,2.09
4.34,3.59,1.8
1.78,3.08,5.44
1.95,3.27,4.21
2.55,3.44,2.57
3.1,3.21,2.12
3.08,3.1,2.32
2.47,3.19,2.78
1.18,6.65,15.62
1.62,3.44,6.76
4.2,3.24,1.96
1.18,7.17,14.01
1.42,4.54,6.67
4.93,3.86,1.63
2.36,3.39,2.95
2.31,3.41,3.02
1.42,4.71,7.07
3.09,3.4,2.01
1.52,3.74,6.76
1.46,4.27,7.11
1.44,4.5,7.14
1.31,4.69,10.88
1.2,6.26,12.26
5.86,4.01,1.53
1.6,3.9,4.89
1.98,3.46,3.6
2.77,3.36,2.41
1.93,3.6,3.63
1.34,4.85,9.22
2.61,3.45,2.39
2.1,3.28,3.19
2.94,3.3,2.15
2.07,3.43,3.58
1.37,4.27,7.86
2.05,3.28,3.76
1.69,3.66,4.37
1.59,3.83,4.87
3.1,3.2,2.1
1.34,4.55,9.25
1.71,4,4.61
13.5,8,1.13
3.69,3.75,1.91
4.2,3.7,1.8
1.82,4.5,2.97
2.02,4,2.74
1.59,4.32,3.94
1.73,3.2,4.5
1.44,3.75,6.5
1.93,4.35,2.86
3.86,3.87,1.73
1.93,3.6,3.32
5.23,4.28,1.48
5.68,4.32,1.43
17,10,1.07
3.17,3.35,2.15
6.97,4.24,1.37
1.75,3.41,4.69
1.33,4.67,7.85
2.81,3.19,2.42
1.11,6.89,15.07
2.87,3.46,2.18
7.34,4.98,1.36
2.8,3.39,2.38
2.11,3.11,3.53
2.17,3.33,3.35
2.92,3.17,2.5
2.21,2.66,3.83
7.27,3.11,1.59
2.55,3.1,2.55
4.48,3.36,1.86
1.65,3.67,5.02
2.47,3.06,3.01
2.77,3.23,2.6
1.79,3.59,4.45
1.41,4.78,6.91
1.96,3.24,3.92
10.81,5.79,1.2
2.53,3.01,2.68
3.67,3.75,1.86
1.78,3.77,3.96
1.21,6.53,12.46
1.79,3.62,4.44
8.35,6,1.21
2.17,3.41,2.95
1.78,3.47,4.78
1.91,3.29,4.31
2.01,2.88,3.74
2.59,3.17,2.38
1.78,3.39,3.9
1.92,3.25,3.49
1.37,4.75,5.95
2.02,3.66,2.9
3.78,4.22,1.64
3.76,3.75,1.74
6.53,4.75,1.34
1.84,3.4,3.62
2.21,3.3,2.81
8.01,5.56,1.24
2.26,3.3,2.71
1.92,3.4,3.39
2.97,4,1.93
1.57,4.33,4
2.82,3.25,2.21
4.75,3.25,1.67
1.53,3.25,6.5
2.88,3.25,2.2
2.77,3.52,2.12
12.58,7.99,1.1
23.39,15.98,1.02
6.1,4.73,1.37
10.59,6.39,1.17
5.99,4.04,1.45
4.49,4.13,1.59
1.07,10.5,29
1.95,3.64,3.58
1.43,4.2,7.9
1.64,3.4,5.15
1.82,3.3,3.95
1.46,4.12,5.86
7.91,4.62,1.36
1.62,3.6,4.5
2.09,3.09,3.66
2.12,3.19,3.38
2.2,3.3,2.8
1.44,4.55,7.2
1.62,4.33,3.8
1.53,4.19,4.48
4.92,4.73,1.47
1.79,3.43,4.58
2.61,3.2,2.67
1.8,3.68,4.11
2.51,3.18,2.81
2.45,3.13,2.93
1.71,3.62,4.79
2.05,3.28,3.59
2.22,3.2,3.27
2.6,4,2.11
1.85,3.58,3.81
1.49,4.05,7.6
1.33,5.24,6.96
1.14,7.56,13.41
1.56,4.35,5.53
2.88,3.31,2.3
3.35,3.53,1.94
2.83,3.23,2.21
1.82,3.71,3.55
5.01,5.02,1.4
4.58,4.85,1.43
1.96,3.56,3.53
2.19,3.12,3.05
2.49,3.33,2.64
5.4,3.77,1.67
2.37,3.11,2.84
3.5,3.43,1.91
2.73,3.72,2.23
3.09,3.2,2.18
1.48,3.9,6.2
2.53,3.01,2.69
5.81,5.71,1.3
2.63,3.16,2.66
4.08,3.79,1.79
4.78,3.78,1.57
2.78,3.97,2.01
2.13,3.31,3.04
1.63,3.46,5.12
1.22,6.01,12.3
2.67,3.06,2.53
3.76,3.74,1.89
1.05,12,37.5
2.7,3.4,2.51
2.62,2.62,2.94
1.1,8.34,18.69
1.5,4.19,6.28
2.57,3.52,2.54
3.44,3.5,2.03
2.01,3.43,3.18
1.64,3.69,4.65
2.05,3.27,3.4
1.59,4.03,5.15
2.32,3.65,2.9
2.26,3.56,3.06
2.83,3.7,2.24
2.22,3.72,2.85
2.59,3.81,2.37
5.05,3.3,1.78
3.51,3.21,2.09
1.95,3.53,3.86
1.5,4.12,7.19
10.28,5.16,1.28
2.2,4,3.04
3.16,3.37,2.26
2.11,3.4,3.49
2.56,3.16,2.7
1.36,4.94,8.53
2.66,3.37,2.35
4.84,3.94,1.63
1.52,4.6,5.12
2.54,3.77,2.44
2.88,3.26,2.32
2.73,4.03,2.3
1.81,3.76,4.3
2.26,3.03,3.49
2.42,2.99,3.18
2.4,3.02,3.2
3.08,3,2.48
2.46,2.96,3.15
2.04,3.14,3.93
3.11,2.87,2.55
2.87,3.05,2.48
2.05,3.17,3.69
2.15,3.08,3.49
2.04,3.26,3.61
2.06,3.05,3.77
1.46,4.18,5.7
3.33,3.23,2.19
1.81,4,4.03
2.1,3.42,3.27
3.59,3.56,2.01
1.63,3.84,4.88
1.44,4.4,7.46
3.79,3.63,1.96
9.99,5.88,1.25
2.46,3.28,2.78
1.68,3.86,4.22
2.53,3.4,2.49
4.56,4.36,1.67
11.62,6.14,1.23
1.5,4.27,6.6
1.79,4.38,3.66
1.44,4.2,7.04
1.06,9.98,18.98
2.51,3.6,2.32
3.26,3.66,1.93
1.94,3.61,3.26
4.68,3.81,1.6
1.15,7.44,19.66
1.73,3.87,3.99
2.93,3.4,2.21
2.13,3.3,3.14
2.9,3.28,2.26
1.96,3.23,4.01
2.17,3.74,2.59
2.02,4,2.74
1.41,4.74,5.2
2.97,4,1.93
1.4,5,5
2.5,3.6,2.31
1.51,3.98,4.99
2.81,3.4,2.16
1.29,5,7.5
1.85,3.5,3.5
3.3,3.75,1.83
6,5,1.33
3.4,3.75,1.8
2.01,3.7,3.67
2.36,3.1,3.06
2.74,4,2.02
3,3.5,2
7,5,1.3
2.6,3.2,2.4
2.49,3.94,2.38
2,3.6,3
1.44,4,5.8
2.11,3.41,3.32
2.21,3.16,2.98
2.27,3.27,3.15
1.51,3.87,6.73
1.73,3.37,4.76
2.01,2.96,3.72
2.11,3.15,3.19
2.11,2.88,3.39
3.11,3.16,2.3
2.49,2.9,2.8
2.38,3.27,2.96
5.95,4.75,1.37
3.81,3.57,1.86
1.73,3.64,4.36
1.51,4.31,5.09
3.47,4.05,1.8
1.67,4.11,4.02
5.95,6,1.3
2.99,4,1.92
1.3,6,5.95
16.2,11.55,1.06
1.69,3.72,4.56
2.47,3.98,2.32
1.46,4.49,5.49
2.7,4.03,2.12
4.94,4.56,1.5
2.16,3.95,2.68
1.45,4.85,5.25
1.91,3.38,3.92
6.43,5.5,1.3
1.61,4.5,3.76
2.11,3.6,2.79
1.07,10.62,16.27
1.41,4.07,7.98
2.79,3.66,2.15
2.69,3.37,2.28
2.58,3.16,2.49
1.76,3.57,3.89
1.54,4.22,4.47
1.57,4.25,4.54
2.41,3.57,2.39
1.4,4.95,4.94
1.9,3.94,2.97
4,3.75,1.67
2.58,3.97,2.09
2.55,3.75,2.21
2.26,4,2.4
3.39,3.36,2
2.4,3.19,2.93
6.87,4.57,1.41
2.04,3.2,3.76
2.55,3.09,2.77
2.12,3.68,2.75
8.37,6.09,1.21
1.69,4.45,3.42
1.44,4.37,6.58
1.84,3.52,3.96
1.55,3.83,5.79
4.71,3.75,1.57
1.79,3.6,3.72
3.68,4,1.69
3.57,3.64,1.91
3.25,3.51,2.06
2.01,3.57,3.35
2.78,3.29,2.4
2.64,3.37,2.47
2.14,3.39,3.1
2.08,3.48,3.52
4.42,3.76,1.78
1.73,3.78,4.77
1.47,4.43,6.86
1.31,5.79,8.71
1.65,4.44,3.81
2.55,2.94,3.01
1.99,4,2.86
2.32,3.77,2.44
2.21,3.64,2.68
4.54,3.91,1.6
1.65,3.91,4.15
2.25,4,2.4
2.63,3.12,2.76
1.21,6.44,8.4
1.39,4.55,5.88
2.07,3.53,2.96
2.25,3,3.49
2.86,2.87,2.73
1.75,3.49,4.49
1.9,3.31,3.86
3.24,3.89,1.85
2.22,4.15,2.4
1.71,3.89,4.51
1.21,7,11.25
2.25,3.16,3.32
2.16,3.39,3.03
2.38,3.29,2.77
1.3,4.9,9.03
5.33,3.86,1.63
2.17,3.19,3.41
1.41,4.45,7.49
2.35,3.39,2.95
1.27,5.56,7.41
2.42,3.61,2.43
1.88,3.52,3.5
1.83,3.44,3.74
2.82,3.6,2.13
2.28,3.6,2.6
2.42,3.6,2.43
1.52,4.49,4.48
2.48,3.21,2.97
2.49,3.29,2.9
2.33,3.11,3.34
2.04,3.36,3.79
2.03,3.36,3.83
3.56,3.59,2.01
1.79,3.47,4.76
2.61,3.12,2.89
1.98,3.26,4.02
1.85,3.55,4.18
2.9,3.28,2.43
2.04,3.5,3.54
3.8,3.45,1.98
2.69,3.27,2.61
2.42,3.27,2.94
2.56,3.27,2.74
2.31,3.31,3.09
2.43,3.33,2.87
2.19,3.18,3.46
3.38,3.38,2.13
2.16,3.4,3.28
1.99,3.4,3.79
2.36,3.35,2.96
2.31,3.33,3.06
2.44,3.23,2.93
2.46,3.29,2.86
3.34,3.34,2.16
2.66,3.58,2.23
1.83,3.6,3.61
2.29,3.65,2.55
2.18,3.61,2.73
1.64,3.83,4.3
1.24,6.38,14.37
1.82,3.57,4.89
1.69,3.78,5.7
2.44,3.24,3.18
1.63,3.95,6.14
1.75,3.55,4
2.13,3.55,2.83
2.21,3.62,2.63
2.02,3.6,3.01
2.03,3.61,3.01
2.13,3.6,2.81
1.59,3.87,5.69
1.7,3.69,4.78
1.74,3.72,4.52
2.71,3.37,2.49
2.42,3.3,2.85
1.72,3.68,4.68
2.03,3.4,3.55
1.58,3.93,5.66
2.1,3.4,3.34
4.54,3.53,1.73
2.35,3.3,2.83
3.53,3.45,1.97
1.67,3.74,4.66
1.67,3.87,4.43
3.87,3.73,1.8
4.26,3.81,1.7
1.66,3.85,4.62
2.27,3.38,2.9
3.02,3.36,2.2
2.36,3.34,2.8
1.77,3.67,4.08
2.06,3.43,3.28
1.82,3.59,3.94
1.82,3.6,3.9
2.08,3.36,3.29
2.63,3.23,2.58
3.06,3.86,2.02
5.73,4.71,1.44
1.44,4.55,5.25
2.98,4.12,1.91
3.25,3.95,1.85
5.67,4.8,1.39
1.43,4.51,6.5
2.41,3.39,2.77
2.61,3.51,2.27
3.33,3.62,2
2.78,3.39,2.32
2.86,3.42,2.27
1.23,5.93,9.83
1.89,3.92,3.22
1.81,3.9,3.52
2.82,3.78,2.1
2.7,4.02,2.1
1.19,7.1,11.25
4.27,3.69,1.77
1.67,3.75,4.87
2.28,3.34,3
1.57,3.9,5.58
2.58,3.19,2.71
2.38,3.4,2.76
1.64,3.99,4.61
2.68,3.25,2.53
1.62,3.88,5.03
2.01,3.54,3.38
2.34,3.33,2.86
2.38,3.42,2.74
1.46,4.27,6.38
1.91,3.57,3.65
2.36,3.24,3.07
3.15,3.35,2.25
1.74,3.69,4.64
4.65,3.71,1.74
1.8,3.55,4.46
2.53,3.31,2.75
2.33,3.7,2.47
1.79,3.82,3.56
1.45,4.5,6.77
4.66,3.55,1.69
3.17,3.4,2.21
1.31,5.7,8.3
1.91,3.5,3.96
2.84,3.38,2.41
1.99,3.69,3.11
2.39,3.32,2.9
6.55,4.5,1.46
1.19,6.12,10.4
1.73,4.06,3.69
1.88,3.71,3.42
2.42,3.44,2.54
2.32,3.04,2.92
2.06,3.46,3.32
1.82,3.46,3.87
2.09,4.11,2.79
2.94,3.64,2.15
3.55,3.4,2.13
1.89,3.43,3.53
2.41,3.06,3.16
1.93,3.38,3.92
1.57,3.86,5.14
2.37,3.38,2.68
1.4,4.2,7.22
15.73,11.78,1.07
2.86,3.54,2.39
2.3,3.14,3.36
2.35,3.18,3.22
1.54,4.05,6.53
2.81,3.35,2.53
2.73,3.24,2.49
2.63,3.1,2.54
6.26,4.66,1.41
1.97,3.72,3.13
2.34,3.1,2.84
1.26,5.06,9.43
3.14,3.33,2.27
4.07,4.48,1.56
1.14,6.6,14.29
1.5,3.75,5.5
3,3.3,2.1
1.81,3.5,4.14
1.56,3.87,5.61
2.24,3.33,2.99
4.12,3.64,1.85
6.15,4.59,1.37
1.78,3.41,4.52
3.41,3.42,1.95
2.79,3.44,2.46
1.89,3.43,3.53
1.74,3.59,4.85
1.57,3.75,4.75
1.8,3.51,3.98
2.07,3.58,3.44
4.21,4.3,1.66
2.05,3.57,3.43
2.79,3.31,2.51
1.6,3.87,5.64
1.36,4.78,8.87
1.88,3.34,4.49
8.25,5.38,1.31
2.77,3.19,2.51
2.17,3.35,3.34
1.4,5.06,6.89
3.56,3.73,1.87
1.84,3.34,4.08
2.41,3.65,2.48
2.44,3.13,2.85
1.84,3.37,4.01
2.9,3.07,2.53
1.43,4.49,6.79
2.26,3.16,3.05
1.69,3.67,4.43
2.05,3.38,3.69
1.99,3.35,3.99
1.99,3.4,3.08
3,3.6,2
2.47,3.06,3.05
1.82,4,3.16
2.16,3.3,3.09
17.74,11.66,1.06
1.56,4.32,3.98
2.2,3.52,3.14
1.83,3.54,4.36
1.24,5.33,10.25
1.45,4.43,7.53
2.88,3.11,2.64
2.25,3.13,3.54
5.24,4.11,1.54
1.44,3.88,6.82
1.6,3.68,5.83
3.06,3.36,2.13
2.01,3.16,3.45
1.51,3.91,5.92
2.36,3.38,2.81
1.3,4.98,7.36
1.49,4.01,6.29
1.99,3.26,3.87
1.74,3.63,4.79
5.6,4.13,1.54
3.68,3.55,1.89
1.69,3.67,4.93
1.3,5.29,9.4
7.16,4.73,1.42
1.55,4.27,5.63
2.19,3.53,3.17
4.79,3.71,1.73
2.89,3.27,2.47
2.45,3.11,3
1.7,3.72,5.15
2,3.25,3.67
2.07,3.2,3.68
2.18,3.28,3.39
1.78,3.51,4.47
1.7,3.52,5.01
2.08,3.31,3.48
2.99,3,2.56
1.41,4,6.45
1.57,3.72,5.37
1.72,3.65,4.96
1.89,3.23,4.09
1.57,3.9,5.9
2.76,3.25,2.56
1.71,3.8,4.65
2.2,3.23,3.06
1.91,3.55,3.88
1.9,3.4,4.22
1.9,3.49,4.03
1.71,3.54,5.19
2.04,3.23,3.66
2.11,3.14,3.56
1.73,3.6,5.45
1.51,3.9,5.27
2.17,3.28,3.35
2.1,3.24,3.56
1.64,4.09,4.95
2.28,3.18,3.02
2.15,3.28,3.55
1.3,4.89,8.77
2.32,3.49,2.95
2.44,3.05,2.63
2.13,3.56,3.25
1.61,4.1,5.21
2.11,3.21,3.77
2.43,3.16,3.03
1.91,3.36,4.2
1.8,4.2,3.1
2.88,4,1.95
2.5,3.4,2.41
1.81,3.5,3.62
3.4,3.76,1.81
1.4,4.94,5.05
3.07,3.64,2.03
2.16,3.5,2.75
1.45,4.22,5.48
4.47,3.75,1.63
4.3,4.33,1.54
1.68,3.75,3.97
1.85,4,3.1
1.57,4.2,4.2
2.55,3.75,2.2
1.86,4.32,2.97
2.4,3.74,2.32
3.34,4.5,1.69
2.12,4,2.59
1.69,4.2,3.54
2.22,4.2,2.37
2.12,4,2.59
1.74,4,3.46
3.22,4,1.82
3.07,4.2,1.82
2.74,4,2.02
2.27,4.2,2.29
2.02,4,2.74
2.27,3.74,2.5
1.93,4,2.97
2.41,3,2.75
1.8,3.75,3.4
6,4.75,1.36
1.44,4.5,5
1.83,3.48,3.88
2.22,3.8,2.86
1.62,4,4
1.57,3.8,4.8
1.8,3.4,3.8
1.33,5,6
1.8,3.25,4
2.1,3.25,3
2.3,3.1,2.8
1.29,5,7.5
2.5,3.2,2.5
1.86,3.25,3.74
1.73,3.5,4
2.9,4,1.91
1.17,6.5,10
1.86,3.3,3.74
2.05,3.9,2.8
4.23,4.53,1.55
1.4,4.98,5.35
2.02,4,2.74
2.1,3.3,3
1.4,4.5,5.5
1.4,4.5,5.5
3.2,3.6,1.91
1.93,4.32,2.78
2.25,3.6,2.55
1.44,4,6
1.8,3.5,3.98
1.41,4.1,7.3
1.48,3.98,6.18
1.58,3.75,4.71
1.68,3.6,4.16
1.5,4.2,4.85
1.91,3.11,3.81
1.64,3.75,5.33
1.45,4.35,7.22
1.72,3.81,4.65
1.86,3.66,4.05
2.17,3.35,3.05
2.19,3.26,3.33
2.1,3.25,3
1.68,3.78,4.04
3.11,3.11,2.28
2.12,3.36,3.11
4.2,3.6,1.67
1.66,3.92,5.06
2.1,3.04,3.3
2.44,3.28,2.86
2.65,3.39,2.59
14.21,9.38,1.09
1.23,6.58,7.11
2.13,3.11,3.66
7.4,5,1.3
1.52,4.59,4.58
1.18,7.23,9.21
4.53,4.03,1.62
4,4.02,1.69
4.85,4.27,1.54
3.08,3.58,2.06
1.72,3.73,4.11
1.95,3.58,3.49
2.48,3.35,2.67
1.15,7.67,11.83
1.68,3.87,4.5
1.48,4.14,6.25
3.96,3.15,2.04
1.63,4.5,3.58
1.74,4.5,3.19
1.81,4.5,2.99
2.87,3.75,2.01
2.51,3.97,2.17
1.76,4.44,3.19
2.11,3.97,2.61
1.95,3.73,3.04
3.08,3.35,2.27
2.22,3.31,3.21
2.13,3.44,3.3
2.48,3.43,2.71
2.03,3.29,3.77
1.81,3.5,4.04
3.76,3.46,1.88
2.48,3.16,2.84
1.98,3.38,3.72
2.83,3.35,2.38
2.02,3.22,3.79
1.84,3.56,4.28
1.4,4.45,5.95
2.91,3.95,1.93
2.33,3.96,2.33
4.19,3.41,1.74
1.28,5.15,8.52
3.15,3.62,2.04
1.51,4.22,5.93
1.24,5.85,10.8
1.21,6.17,12.65
1.33,4.96,8.39
1.59,3.63,5.2
1.79,3.63,4.27
2.63,3.29,2.59
2.49,3.1,2.91
2.75,3.35,2.47
2.05,4.05,2.68
1.92,4,2.99
1.25,6.13,7.05
3.21,3.11,2.14
2.56,3.08,2.74
1.51,3.3,6.9
1.74,3,4.92
1.8,3.69,4.39
5.24,3.97,1.7
1.24,6.11,11.6
2.05,3.4,3.61
1.91,3.32,3.86
2,3.2,3.47
3.62,3.36,2.13
1.73,4.2,3.38
1.26,6,6.9
2.11,4,2.6
2.26,3.75,2.5
2.11,4,2.6
1.61,4.2,3.96
2.69,3.29,2.44
2.52,3.02,2.64
2.14,2.98,3.3
2.92,3.25,2.22
4.78,3.92,1.66
1.52,3.61,6
2.62,3.28,2.69
1.25,5.87,11.52
4.14,3.57,1.84
1.69,3.37,5.07
4.86,3.84,1.65
2.28,3.24,2.96
2.17,3.38,3.1
1.82,3.39,4.61
2.02,3.33,3.66
4.02,3.51,1.89
1.91,3.44,4.06
1.78,3.68,3.75
3.23,3.3,2.2
2.11,3.26,3.01
2.6,4,2.11
2.22,3.12,3.04
2.61,4,2.27
2.35,3.88,2.55
10.75,6.3,1.22
1.59,4.43,4.03
3.83,3.2,2
1.6,3.62,5.72
3.04,3.6,2.04
5.89,4.86,1.36
3.33,3.53,2.1
3.12,3.12,2.21
1.88,3.32,4.3
2.2,3.52,3.13
1.44,4.05,6.04
2.87,3.13,2.31
2.5,3.2,2.5
3.19,2.75,2.32
4.19,3.55,1.81
2.97,3.28,2.35
2,3.37,3.69
2.65,3.04,2.54
1.49,4.48,4.38
2.01,3.71,2.86
2.05,3.75,2.72
2.48,3.75,2.2
1.32,5.51,11.17
3.8,3.84,1.78
6.38,4.26,1.53
1.52,3.9,5.92
1.36,4.79,6.54
2.82,3.23,2.27
2.47,3.18,2.81
2.43,3.02,2.75
1.98,3.2,4.09
1.82,3.36,4.51
2.27,3.06,3.3
2.48,3.14,2.86
1.58,3.66,5.81
3.81,3.27,1.96
1.08,10.77,21.07
1.45,4.59,4.8
3.65,3.53,1.99
1.8,3.26,4.02
2.42,3.08,2.77
2.2,3.21,3.06
2.42,3.04,2.87
2.98,3.96,1.9
1.13,7.67,10.29
3.06,3.97,1.86
1.73,4,3.48
2.51,3.19,2.51
2.47,3.32,2.82
2.76,3.35,2.52
2.02,3.12,3.57
1.3,4.65,8.87
4.12,3.42,1.9
3.41,3.25,2.14
2.21,3.3,3.26
2.75,3.41,2.21
2.24,3.2,2.91
2.35,3.05,2.7
1.82,3.47,3.86
1.36,4.31,7.3
1.34,4.48,7.03
3.06,3.97,1.91
2.13,3.4,3.37
1.8,3.55,4.49
1.88,3.65,3.94
2.49,3.25,2.77
1.6,4.01,5.14
1.53,4.02,6.02
3.03,3.26,2.36
2.48,3.18,2.84
2.16,3.23,3.8
1.9,3.24,4.29
1.73,3.27,4.34
1.73,3.5,4.53
2.31,3.15,3
2.26,3.18,3.17
1.71,3.47,4.59
1.66,3.66,5.03
2.46,3.17,2.83
1.75,3.44,4.44
2,3.35,3.9
2.02,3.09,3.44
2.67,3.21,2.45
2.03,3.27,3.39
1.76,3.47,4.24
4.67,3.61,1.69
2.12,3.24,2.98
2.09,3.34,3.37
2.38,3.15,2.95
1.54,3.99,6.19
5.13,3.51,1.7
1.4,4.3,8.46
1.41,4.25,8.53
3.57,3.23,2.1
1.67,3.64,5.4
1.91,3.18,3.58
1.72,3.6,4.54
7.15,5.4,1.34
3.46,3.3,2.13
1.62,3.6,5
2,3.08,3.38
1.32,5,10
2.1,3.58,3.32
2.64,3.36,2.41
1.88,3.48,3.89
1.32,5.03,9.29
1.56,3.93,5.83
3,3.33,2.33
1.68,3.72,5.02
2.37,3.29,2.96
2.06,3.31,3.53
1.37,4.16,8.27
1.44,4.34,6.95
2.69,3.2,2.42
1.85,3.51,4.5
1.46,4.51,6.59
2.22,3.38,3.03
6.64,3.83,1.5
1.68,4.13,3.92
3.21,3.25,2.27
1.76,3.54,4.68
1.8,3.49,4.29
1.83,3.41,3.6
2.54,3.27,2.75
11.5,6.06,1.26
1.56,3.74,5.43
11.23,5.34,1.27
3.15,3.23,2.14
2.23,3.12,3.15
1.45,4.16,6.04
2.78,3.15,2.32
1.86,3.3,3.74
2.31,3.43,2.85
1.99,3.96,3.46
2.26,3.06,3.04
4.38,3.29,1.8
2.17,3.22,3.22
2.51,3.2,2.63
3.39,3.32,2.02
2.42,3.22,2.72
2.13,3.14,3.21
1.49,3.93,6.62
2.05,3.4,3.37
2.54,3.17,2.67
1.63,3.41,4.98
2.24,3.31,3.06
2.55,3.72,2.32
1.81,3.27,4
2.99,3.1,2.47
1.31,4.73,7.42
2.31,3.41,2.61
1.84,3.25,4.26
1.71,3.32,4.9
1.75,3.42,4.29
1.58,3.93,5.57
2.3,4,2.32
2.12,3.2,3.18
1.13,7.5,11
1.73,4.2,3.4
3,3.2,2.15
5.48,4.35,1.43
1.5,3.75,5.5
3.15,3.3,1.95
1.92,3.75,3.09
2.42,3.44,2.52
2.39,3.2,2.62
2.25,3.96,2.4
1.77,3.47,3.87
2.87,3.2,2.21
2.49,3.2,2.49
1.58,3.75,4.71
2.7,3.5,2.21
1.51,4.5,4.48
2,3.37,3.15
2.96,3.76,2.02
2.42,3.66,2.42
1.81,3.5,3.59
3.74,3.75,1.74
2.35,3.6,2.38
1.43,4.83,4.53
1.71,4.65,3.2
3.64,3.62,1.91
2.7,3.3,2.5
1.83,3.2,3.9
1.83,3.4,3.6
3.25,3.8,1.83
1.67,3.75,4
2.45,3.7,2.53
4.2,3.6,1.67
2.3,3.25,2.7
1.57,3.75,4.75
1.4,3.75,7.5
1.29,4.5,9
1.25,4.8,9
1.29,4.5,9
1.26,4.8,8.85
1.41,3.75,7.45
2.1,3.25,3
2,3.1,3.4
1.72,3.63,4.63
1.67,3.62,4.66
2.52,3.65,2.44
2.15,3.4,2.8
2.01,3.76,2.91
2.21,2.97,3.45
1.89,3.38,3.9
1.23,5.5,8.9
2.44,4.08,2.24
2.9,3.21,2.35
4.37,3.54,1.79
7.2,5.03,1.37
3.32,3.37,2.12
2.75,4.05,2.27
2.38,3.75,2.39
2.63,3.8,2.11
2.11,3.8,2.63
2.44,3.6,2.75
1.45,4.5,4.97
1.63,4.5,3.58
1.73,3.83,4.69
1.45,4.52,6.87
2.03,3.65,3.51
1.95,3.6,3.76
2.12,3.76,3.19
2.39,3.74,2.75
2.19,3.54,3.21
1.92,4.33,2.74
2.14,3.5,3.08
1.76,3.61,4.28
3.15,3.21,2.34
1.51,3.76,5.97
1.66,3.54,4.79
3.77,4.01,1.75
2.43,3.51,2.62
2.26,3.6,2.93
2.6,3.8,2.41
1.4,4.95,6.95
1.77,4.1,4.56
1.85,4.25,3.94
2.17,3.85,3.24
2.42,2.97,3.21
1.57,4.26,5.55
2.41,3.3,2.91
8,4.65,1.39
1.78,3.52,4.52
2.06,3.35,3.59
2.42,3.7,2.28
1.9,3.45,3
2.5,3.2,2.51
1.92,3.2,3.9
1.25,5.28,10.25
2.36,3.8,2.75
2.16,3.5,3.31
2.25,3.6,3.2
2.15,3.62,3.41
3.83,3.81,1.95
2.06,3.6,3.47
5.22,4,1.53
8.35,5.8,1.3
2.7,3.75,2.11
1.53,4.55,5.6
1.25,6.6,10.5
1.95,2.88,4.96
6.58,3.9,1.53
2.41,3.6,2.79
6.13,4.75,1.46
2.43,3.04,3.2
4.27,4,1.58
1.28,5.5,9.75
2.72,3.36,2.5
3.64,3.5,1.98
4.49,3.94,1.79
2.23,3.79,2.59
6.2,4.5,1.41
2.36,3.98,2.66
1.8,4.1,3.97
1.72,3.73,3.98
7.03,5.15,1.38
1.59,4.18,5.25
2.34,3.43,2.89
1.87,4.25,3.56
3.12,3.98,2.09
2.16,3.84,2.76
2.55,3.85,2.31
2.96,3.84,2.05
2.76,3.84,2.16
1.76,3.59,4.85
2.08,3.61,3.36
1.96,3.43,3.97
2.61,3.22,2.77
2.49,3.38,2.8
1.48,4.28,6.92
2.02,3.44,3.72
2.47,3.71,2.47
3.86,3.88,1.78
2.4,3.95,2.46
1.87,3.88,3.49
2.17,3.86,2.78
3.86,3.88,1.78
2.1,3.88,2.91
2.47,3.71,2.47
2.18,3.87,2.76
2.47,3.71,2.47
1.78,3.88,3.84
3.13,3.81,2.04
2.22,3.43,3.12
5.42,3.99,1.6
1.75,3.7,4.53
3.59,3.58,1.97
3.39,3.53,2.06
2.06,3.47,3.46
2.52,3.4,2.7
2.32,3.37,3
1.75,3.73,4.31
1.66,3.86,4.74
1.97,3.52,3.56
2.02,3.47,3.46
2.12,3.51,3.16
1.96,3.57,3.57
2.38,3.51,2.72
1.66,3.95,4.55
2.04,3.72,3.15
2.29,3.47,2.88
2.82,3.44,2.34
2.62,3.48,2.48
1.3,5.04,11.5
3.04,3.39,2.32
2.66,3.23,2.72
12.25,6.4,1.26
3.82,4.3,1.85
2.31,3.78,2.97
1.21,7.1,15.5
2.24,3.9,3.02
1.64,3.82,4.44
1.68,4,3.73
2.02,3.77,2.97
2.27,3.8,2.53
5.46,3.87,1.6
2.83,3.2,2.57
2.11,3.34,3.91
2.96,3.26,2.53
2.21,3.5,3.19
4.45,3.13,1.88
2,3,3.6
1.73,3,5
2.25,3,3
2,3,3.6
2.5,3,2.63
2.2,2.88,3.25
1.73,3.2,4.5
1.95,3.3,3.3
2.02,3.74,2.86
1.41,4.5,5.45
2.86,3.74,2.02
3.38,3.74,1.82
1.69,3.74,3.94
1.34,5,5.9
2.45,3.74,2.27
1.74,4,3.46
2.12,3.74,2.69
2.94,3.81,1.97
2.28,3.1,3.18
2.85,3.09,2.47
2.19,3.13,3.46
1.46,4.09,6.28
2.5,3.4,2.4
2.04,3.48,3.02
3.6,5,1.57
2.21,4,2.45
1.31,5.25,6.43
2.73,3.14,2.6
2.46,3.26,2.81
1.94,3.23,4.09
2.06,3.24,3.63
1.8,3.5,4.38
3.34,3.18,2.2
3.23,3.23,2.23
2.5,3.19,2.8
4.6,4.46,1.61
1.35,5.45,7.6
1.73,3.89,4.14
3.24,4,1.81
1.96,3.4,3.71
3.11,3.49,2.15
2.09,3.22,2.98
6.68,3.85,1.53
9.32,8.21,1.15
6.29,4.71,1.35
2.15,2.75,4.28
2.38,3.99,2.25
1.59,4.33,3.98
3.16,3.36,2.2
3.58,4.2,1.68
2.55,3.35,2.64
10.77,6.19,1.2
2.14,3.42,3.33
4.17,4.43,1.53
1.18,7,14.5
1.27,5.79,9.56
1.39,4.75,7.08
2.32,3.43,2.9
2.3,3.72,2.58
1.64,3.78,5.03
1.44,4.2,7.85
1.34,5.3,8
2.27,3.79,2.55
1.7,3.85,4.12
1.82,3.73,4.33
2.13,3.76,2.72
1.92,3.6,4.14
2.56,3.5,2.75
2.85,3.45,2.51
2.56,3.19,2.63
1.92,3.26,3.93
2.39,3.92,2.67
2.47,3.16,2.77
1.84,3.24,4.87
1.41,5,7.75
1.8,3.7,4.66
1.53,4,7.35
1.91,3.68,4.08
2.01,3.4,4.04
2.25,3.44,3.11
1.66,4,5.35
2.26,3.5,2.98
1.41,4.5,5.45
1.5,3.6,6
2.75,3.25,2.25
2.25,3.25,2.75
6.5,5.5,1.29
3.27,3.87,1.82
1.73,3.75,3.75
2.4,3.6,2.42
2.75,3.55,1.98
1.5,4,5
1.83,4,3.1
1.87,4,3.08
2.49,4.2,2.12
2.86,3.8,2.02
1.15,6.8,13
1.45,4.04,7.61
1.34,5,5.95
2.08,3.71,3.08
3.17,3.7,2.04
1.53,3.9,5.74
2.78,3.14,2.57
1.78,3.37,4.78
2.06,3.23,3.54
3.7,3.45,1.88
3.08,3.5,2.18
2.4,3.6,2.41
6.64,4.58,1.43
2.11,3.2,3.61
1.71,3.05,6.12
2.72,2.61,3.03
1.56,3.71,5.92
4.59,2.85,1.97
1.9,3.32,4.32
1.37,5.05,6.49
3.58,3.55,1.96
2.27,3.62,2.84
2.31,3.69,2.79
3.2,3.07,2.27
2.08,3.1,3.63
3.5,3.3,1.91
1.58,3.75,4.71
8.85,7,1.18
1.59,4,4.24
4.96,5.5,1.37
1.81,3.4,3.78
2.39,3.94,2.5
10,6.5,1.17
1.93,4.32,2.78
7.5,4,1.36
1.36,4.2,7
4.63,3.68,1.65
1.67,3.75,4
2.63,3.2,2.38
1.37,4.23,9.19
2.33,3.23,2.67
13,4.7,1.31
14.5,7.3,1.18
1.26,5.69,9.74
2.18,3.58,2.81
6.75,4.4,1.46
4.2,3.81,1.75
1.65,3.8,4.88
5.84,4.09,1.44
2.11,3.75,2.7
2.15,3.33,3.43
1.86,3.93,3.87
2.26,3.51,3.06
2.36,3.65,2.66
1.15,7.7,15
1.98,3.34,3.3
6.02,3.77,1.54
1.84,3.49,3.51
2.48,3.4,2.38
1.32,5.13,6.53
1.62,4.05,4.75
1.37,4.74,7.47
4.4,3.79,1.74
1.96,3.4,3.71
2.37,3.22,2.79
1.64,3.57,5.19
10.75,6.8,1.22
2.12,3.72,2.71
1.25,5.78,7.06
2.28,2.67,3.63
2.45,2.6,3.41
1.76,3.44,3.98
2.12,3.42,2.99
1.67,3.84,4.74
1.87,3.6,3.9
2.8,3.28,2.45
1.6,3.85,4.43
2.38,3.46,2.53
1.06,12.5,29.5
2.47,3.21,2.93
1.76,3.51,4.87
1.55,4.9,5.43
1.95,3.84,3.85
1.66,4.09,3.83
1.76,3.23,5.55
2.48,3.28,2.65
1.13,8.63,16.4
2.28,3.6,3.05
2.21,4.1,2.82
1.45,5.6,5.58
1.71,4.5,4.12
1.87,4.1,3.9
2.16,3.9,3.18
2.51,3.68,2.74
1.74,4.2,4.51
3.63,3.86,2
2.14,3.84,3.25
3.25,3.35,2.23
1.9,3.84,3.62
2.56,3.63,2.28
2.05,3.46,3.49
2.34,3.86,2.74
2.35,4.11,2.64
1.24,7.5,9.25
2.2,4.11,2.84
2.47,3.22,2.77
1.14,7.82,15.76
4.7,3.33,1.73
1.74,3.37,4.73
2.56,2.97,2.55
1.67,4.5,4.36
2.08,3.9,3.19
2.43,3.88,2.63
2.13,3.08,3.7
3.38,3.19,2.2
1.62,3.67,5.85
2.25,3.08,3.39
2.06,3.21,3.77
1.57,3.82,6.17
2.04,3.12,3.93
2.16,3.2,3.31
2.36,3.01,3.1
2.4,3.05,3
1.81,3.77,3.61
1.73,3.81,4.41
1.62,4.03,4.97
2.56,3.45,2.58
1.68,3.89,4.7
1.72,3.75,4.64
1.55,4.29,5.4
3.67,3.62,1.97
1.92,3.37,3.76
2.06,3.37,3.33
1.87,3.72,4.01
2.01,3.57,3.33
1.5,4.95,5.58
1.32,5.07,9
1.85,3.47,4.41
2.16,3.26,3.58
2.09,3.25,3.93
2.45,3.38,2.73
1.62,3.92,5.36
2.08,3.39,3.35
1.24,6.33,12.92
2.25,3.24,3.25
2.88,3.17,2.6
8.67,5.1,1.37
2.16,3.27,3.35
1.58,3.94,5.56
1.59,3.87,5.66
3.77,3.42,1.98
1.73,3.62,4.8
1.29,5.61,6.56
2.32,4.05,2.32
2.38,3.14,2.89
4.53,3.9,1.73
1.89,3.87,3.86
1.93,3.74,3.39
3.52,3.39,2.05
2.35,3.74,2.74
1.49,4.16,5.49
3.16,3.61,2.01
2.1,3.13,3.74
1.86,3.75,4.26
2.49,3.22,2.96
1.91,3.64,4.13
2.07,3.14,3.71
2.11,3.5,3.79
1.97,3.2,3.96
3.06,4,1.86
2.17,4,2.5
2.12,4.2,2.49
1.74,4,3.46
2.59,4,2.12
2.5,4,2.17
2,3.75,2.88
1.44,4.5,5
1.68,4,3.77
1.51,4.5,4.48
5.94,4.93,1.33
1.63,3.64,4.19
3.03,3.68,1.88
4,3.83,1.66
1.68,3.8,3.98
3.38,4.7,1.77
2.88,3.2,2.2
1.87,3.24,3.72
6.5,4.45,1.4
1.4,3.75,7.5
1.79,3.3,3.8
2.62,3.6,2.22
2.82,3.23,2.69
2.74,3.03,2.65
2.25,3.3,2.75
1.93,3.17,3.76
2.5,3,2.63
2.64,2.8,2.7
2.45,3.26,2.9
2.88,3.2,2.2
1.83,3.86,3.98
2.31,2.99,2.99
2.47,2.92,2.8
1.34,5.5,5.45
8.9,6.5,1.19
1.03,14,24
2.24,3.92,2.79
2.51,4,2.59
3.48,4.58,1.65
2.21,3.8,2.93
2.42,3.98,2.36
4.16,4.06,1.66
1.13,7.49,11.34
1.38,4.79,6.55
1.45,5,4.47
3.09,4.09,1.9
4.56,3.74,1.72
2.27,3.27,2.78
2,3.23,3.49
1.36,4.54,6.97
2.75,4,2.01
1.41,5,4.97
1.01,21.85,29.22
1.4,4.67,5.98
3.68,3.54,1.81
2.96,3.77,2.05
3.13,3.48,2.15
1.6,3.87,5.54
2.04,3.46,3.39
1.75,3.78,4.44
1.44,4.52,6.84
2.76,3.24,2.55
1.73,3.54,4.99
2.7,2.99,2.74
1.42,4.12,7.15
3.21,3.4,2.25
1.53,4.23,6.23
2.92,3.61,2.33
1.56,4.03,5.45
1.81,3.55,4.21
2,3.35,3.65
1.28,5.21,10.38
1.93,4.07,2.95
2.1,3.23,3.51
2.06,3.3,3.69
1.96,3.36,3.98
2.08,3.31,3.67
2.6,2.96,2.81
4.8,3.56,1.71
1.14,7,13.1
1.75,3.75,4.78
3.72,4.17,1.85
10.26,4.98,1.36
1.25,5.72,10.03
1.9,3.4,3.96
15.14,6.96,1.18
1.64,4.36,3.67
2.47,3.27,2.78
2.36,3.29,2.91
4.59,3.9,1.68
1.78,4.45,3.78
2.18,3.49,2.75
2.67,3.16,2.67
3.25,3.27,2.2
2.63,3.18,2.7
2.1,3.35,3.45
2.18,3.31,3.26
2.45,3.23,2.85
2.16,4,2.5
2.16,4,2.5
1.94,3.89,3.26
1.76,3.88,4
2.96,3.92,2.04
1.57,4.3,4.99
2.33,3.78,2.69
1.56,4.38,5.41
2.71,3.82,2.31
1.77,3.44,4.43
3.96,3.24,1.92
1.64,3.46,5.8
5.26,3.58,1.7
2.08,3.47,3.19
1.21,5.9,8.85
1.28,5.04,7.24
1.9,3.52,3.44
1.58,4.32,4.04
3.14,3.96,1.85
7.79,4.91,1.35
2.31,3.17,3
2.18,3.39,2.84
1.41,4.49,5.82
2.83,3.53,2.12
23,46,2
2.19,3.1,3.53
1.56,4.38,4.19
2.5,4,2.16
2.45,4,2.21
5.45,5,1.37
2.13,3.78,2.67
1.37,4.5,6.72
2.25,3.24,2.99
1.52,3.69,6.54
2.33,3.11,3.04
1.4,4.62,6.61
3.21,3.25,2.12
2.02,3.25,3.45
2.11,3.24,3.25
1.35,4.68,7.66
1.61,3.94,4.58
1.83,3.74,3.41
1.68,3.97,3.78
3.6,4.15,1.68
1.79,4.01,4.36
2.09,3.48,3.63
2.17,3.34,3.58
2.02,3.47,3.9
4.05,4,1.85
2.99,4,1.92
1.85,4,3.08
3.48,4,1.73
1.45,4.5,4.97
1.73,4.2,3.38
2.41,3.13,3.07
1.51,4.06,5.94
2.92,3.5,2.17
1.63,3.79,4.84
2.1,3.52,3.34
3.49,3.44,2.02
2.28,3.52,2.64
2.6,3.96,2.14
1.6,4.03,4.36
2.04,3.95,2.76
2.04,3.63,2.97
1.65,4.24,3.83
2.24,3.61,2.63
1.69,3.75,4.04
2.02,3.95,2.81
2.39,3.27,3.07
3.56,3.29,2.15
1.96,3.55,3.92
1.9,3.59,4.06
2.81,3.46,2.48
3.28,3.31,2.26
2.22,3.35,3.34
2.61,3.21,2.82
1.99,3.43,3.89
2.41,3.39,2.87
1.82,3.54,4.44
1.8,3.55,4.53
1.98,3.33,3.95
1.64,3.82,5.42
4.03,3.3,1.98
2.35,3.34,2.98
1.7,3.68,5.14
2.42,3.29,2.93
2.54,3.27,2.79
2.72,3.29,2.56
1.99,3.48,3.67
2.44,3.35,2.85
3.16,3.33,2.25
2.67,3.31,2.59
1.69,3.8,4.89
2.81,3.39,2.44
2.15,3.37,3.33
2.23,3.55,2.67
2.81,3.58,2.12
2.3,3.45,2.63
2.11,3.57,2.84
1.83,3.55,3.6
2.4,3.55,2.45
1.98,3.63,4
2.58,3.12,3.07
1.75,3.76,5.1
1.37,5.22,9.2
1.73,3.82,5.2
2.16,3.72,2.68
2.5,3.72,2.3
2.16,3.79,2.65
2.25,3.6,2.63
1.6,3.98,4.36
2.24,3.76,2.55
1.68,3.86,4.05
3.52,3.81,1.81
2.58,3.33,2.63
3.11,3.38,2.23
2.15,3.46,3.2
2.82,3.39,2.4
2.08,3.39,3.42
2.57,3.34,2.63
2.48,3.4,2.72
3.08,3.44,2.21
2.22,3.4,3.11
3.2,3.61,2.02
2.7,3.46,2.36
2.38,3.45,2.68
1.52,4.22,5.28
3.14,3.59,2.05
1.97,3.52,3.41
2.02,3.5,3.29
1.8,3.75,3.78
1.74,3.71,4.18
3.28,3.45,2.03
2.25,3.47,2.85
2.19,3.51,2.92
3.19,3.44,2.08
2.54,3.32,2.55
1.72,4.12,3.43
1.91,3.96,2.99
3.18,3.32,2.27
2.32,3.22,3.19
1.45,4.46,6.23
1.38,4.75,7.21
2.5,3.75,2.26
5.48,4.5,1.41
4.19,3.98,1.69
1.57,4.17,4.87
7.48,4.93,1.34
1.59,4.03,4.88
2.58,3.47,2.46
1.3,5.18,7.02
1.92,3.78,3.12
2.15,3.99,2.55
1.93,3.8,3.1
1.46,4.19,5.66
1.9,3.25,4.02
2.47,3.11,2.77
2.57,3.4,2.42
2.62,3.36,2.55
2.37,3.47,2.78
1.63,3.9,4.96
2.14,3.58,3.04
1.7,3.84,4.37
2.09,3.44,3.23
2.49,3.62,2.49
2.12,3.62,3.04
2.07,3.58,3.15
3.13,3.68,2.06
1.75,3.8,4.12
1.32,5.19,9.23
1.5,4.17,6.57
2.77,3.45,2.45
1.65,3.87,5.18
2.06,3.31,3.67
2.76,3.12,2.5
8.4,4.94,1.36
1.82,3.65,3.67
2.05,3.6,2.94
5.25,4.35,1.46
1.13,7.27,10.65
1.99,3.92,2.93
3.49,3.48,2.03
3.33,3.21,1.97
3.71,3.59,1.82
2.41,3.51,2.41
2.95,3.54,2.21
2.47,3.68,2.49
1.3,4.8,10.26
2.52,4.05,2.46
3.38,3.31,2.11
1.84,4.11,3.37
2.32,3.88,2.76
2.44,3,2.8
1.73,3.54,4.85
2.64,3.12,2.71
2.62,3.17,2.51
2.71,3.06,2.77
1.63,4.12,5.29
2.75,3.2,2.3
1.53,3.75,7.65
2.86,3.25,2.55
1.62,3.82,5.83
2.01,3.29,3.61
2.38,3.17,2.92
2.16,3.28,3.26
2.69,3.26,2.52
3.21,3.27,2.15
2.29,3.16,3.26
2.02,3.16,3.82
2.29,3.01,3.33
3.35,3.15,2.2
2.39,3.03,3.14
2.44,3.07,3
1.98,3.28,3.88
2.55,2.98,3.04
2.37,3.23,2.63
2.16,3.72,2.64
3.71,3.33,1.89
2.49,3.17,2.66
2.26,4,2.4
2.65,3.04,2.76
2.21,2.8,3.95
2.31,2.86,3.57
1.4,4.8,7.25
2.21,3.01,3.18
1.89,3.47,4.15
1.34,4.64,7.36
1.77,3.72,4.48
2.58,4.51,2.02
1.88,3.5,3.86
3.05,3.1,2.5
1.16,7.89,20.48
2.98,4.31,1.98
2.16,3.51,3.25
2.12,3.25,3.58
1.43,3.88,6.92
2.1,3.39,3.05
1.75,3.47,4.31
2.51,3.11,2.69
2.08,3.4,3.45
3.5,3.36,2.12
2,3.45,4
2.44,3.36,3.01
1.43,4.49,6.07
2.4,3.24,2.97
1.59,3.82,5.96
2.24,3.35,3.29
4.41,3.76,1.86
2.81,3.39,2.56
1.75,3.84,4.46
2.46,3.25,2.68
1.17,6.44,13.4
2.06,3.55,3.47
1.4,4.53,6.58
1.39,4.82,7.91
1.4,4,7
2.35,3.18,2.92
1.41,3.99,8.1
1.6,3.6,6.37
2.36,3.08,3.24
1.57,3.68,4.9
1.35,4.46,7.84
1.94,3.35,3.65
2.78,3.2,2.4
2.59,3.03,2.89
1.86,3.39,4.39
1.92,3.35,3.69
2.3,3.11,2.97
2.99,3.3,2.06
2.4,3.62,2.38
2.09,3.44,3.22
2.04,3.52,3.49
2.23,3.23,3.13
1.83,3.24,4.12
4.85,3.62,1.74
2.25,3.29,3.16
2.32,3.19,2.88
3.06,3.46,1.99
1.36,5.13,7.69
2.89,3.47,2.35
2.57,3.03,2.85
2.83,3.35,2.51
1.73,3.58,4.77
1.86,3.59,4.45
1.97,3.35,4.25
1.62,3.9,5.91
1.54,3.94,7.14
2.56,3.18,2.96
1.8,3.25,4
5.6,3.65,1.63
1.84,3.37,4.6
4.15,3.11,2.02
1.81,3.46,4.52
2.38,3.15,2.88
1.82,3.52,3.9
1.3,5.06,8.6
2,3.47,3.7
1.89,3.62,3.77
1.17,6.84,14.65
2.26,3.32,2.97
1.95,3.39,3.98
2.21,3.12,3.43
2.22,3.1,3.47
2.16,3.3,3.29
1.95,3.42,3.77
1.45,4.21,7.16
2.05,3.27,3.65
7.84,4.85,1.41
1.28,5.54,6.89
1.66,4.06,4.82
3.96,3.6,1.91
2.15,3.27,3.52
2.91,3.34,2.3
1.58,3.86,5.16
1.43,4.46,7.1
2.67,3.3,2.68
1.95,3.31,4.24
1.48,4.17,5.89
1.6,3.9,5.53
1.7,3.43,4.78
1.43,3.96,7.22
1.84,3.4,4.29
2.38,3.04,3.1
1.9,3.32,4.11
1.21,6.4,13.47
1.7,3.67,5.3
2.01,3.08,3.8
1.66,3.97,5.46
1.97,3.38,3.73
2.19,3.39,3.36
1.19,5.92,12.94
1.92,3.23,3.61
2.37,3.17,3.21
1.98,3.45,3.91
1.83,3.36,4.36
1.63,3.82,5.72
2.28,3.05,3.14
2.16,3.24,3.57
1.76,3.37,4.6
1.57,3.96,4.99
1.36,4.61,8.24
2.23,3.48,3.03
1.87,3.78,3.82
2.01,3.47,3.69
2.8,3.6,2.1
1.67,3.2,5
5,3.4,1.62
2.1,3.1,3.2
1.2,6.5,8
1.33,5.5,5.5
1.51,4.5,4.48
1.69,4.2,3.54
2.5,4,2.17
2.74,3.1,2.66
2.97,4.32,1.86
1.41,4.5,5.45
1.52,4.61,4.32
1.34,5,5.9
1.44,4.5,5
2.78,3.76,2.29
1.91,3.5,3.3
2,3.6,3
2.25,3.5,2.63
1.83,3.4,3.6
4.47,4.12,1.57
1.53,4.1,4.46
1.57,4,4.33
1.67,4,3.75
2.6,3.3,2.25
1.92,3.56,3.68
2.27,3.38,2.97
2.25,3.55,2.5
1.93,3.4,3.36
3.25,3.25,2
2.9,3.2,2.2
2,3.25,3.25
2.4,3.2,2.6
2.08,3.37,3.66
1.44,3.6,7
4.5,4.33,1.5
3.75,4,1.67
2.59,3.74,2.12
2.19,3.4,2.73
1.73,3.75,3.75
2.2,3.2,2.88
5.45,4.5,1.41
2.1,3,3.3
2.27,3.47,2.64
2.2,3.25,2.8
1.05,13,17
1.67,3.4,4.5
2.25,4.5,2.25
2,4.75,2.5
2.4,3.5,2.4
2.25,3.75,2.5
1.65,3.85,3.9
2.98,3.3,2.2
2.41,3.25,2.71
1.91,4,2.9
2.25,3.3,2.91
3.6,4.1,1.69
2.7,3.45,2.15
1.54,4.36,4.06
1.59,3.95,4.15
2.34,3.4,2.46
2.34,3.4,2.46
2,3.16,3.4
2.63,3.19,2.69
2.21,3.54,3.1
1.93,3.33,3.65
2.74,3.32,2.5
2.1,3.2,3.1
2,3.25,3.3
2.11,3.37,3.49
2.29,3.16,3.01
3.41,3.3,2.03
1.71,3.57,4.54
2.09,3.14,3.21
2.22,3.09,2.99
1.8,3.58,4.5
2.07,3.52,3.44
1.64,3.87,5.04
1.86,3.42,4.29
2.75,4,2
1.89,3.82,3.41
3.04,4.1,1.92
1.25,5.75,9.86
1.7,3.91,4.28
4.03,3.88,1.74
1.76,3.85,3.95
1.4,4.59,6.52
3.04,3.9,1.97
1.41,4.36,6.04
1.42,4.95,7.05
1.65,3.68,4.58
3.22,3.37,2
1.61,4.53,3.78
2.26,4.02,2.41
2.26,3.75,2.5
1.54,4.33,4.33
2.96,3.16,2.43
2.66,3.1,2.71
2.08,3.22,3.61
2.55,3.15,2.78
2,3.38,3.67
2.53,3.15,2.82
3.11,3.1,2.36
2.59,3.1,2.8
2.56,3.26,2.73
1.75,3.59,4.63
2.26,3.3,3.16
1.96,3.38,3.9
1.73,4.19,3.39
2.64,3.41,2.6
1.81,3.75,3.39
1.51,3.92,6.66
2.21,3.3,3
2.32,3.26,2.85
2.82,3.15,2.51
2.2,3.3,3.19
1.86,3.35,4.43
2.26,3.26,3.2
7.05,4.72,1.43
2.4,3.6,2.41
5.57,4.53,1.4
2.3,4,2.32
2.37,3.31,2.98
1.68,3.72,5.1
2.69,3.43,2.36
2.82,3.37,2.32
1.65,3.8,4.75
1.5,4.07,5.81
6.02,4.11,1.48
1.26,6,11.25
1.6,3.87,4.82
2.39,3.43,2.78
2.22,3.14,3.31
2.06,3.25,3.63
2.03,3.44,3.32
2.08,3.47,3.18
1.57,3.97,5.17
1.58,4.02,5
1.47,4.34,5.9
1.6,3.54,5.32
3.13,4.19,1.82
1.68,4.04,3.78
6.1,3.8,1.59
1.71,4.07,3.56
1.3,5.4,9.92
2.49,2.62,2.95
1.58,3.88,5.69
2.27,3.38,3.01
2.07,3.36,3.46
3.1,3.36,2.24
2.46,3.22,3.18
1.27,5.97,10
1.52,4.11,6.46
1.1,10,24
2.93,3.33,2.14
2.06,3.06,3.83
1.65,4.5,4.51
1.59,4.5,3.77
1.66,3.88,5.52
2.16,4,2.44
3.51,3.2,2.02
2.11,3.24,3.24
3.18,3.29,2.29
1.36,5.01,8.38
1.27,5.15,7.3
1.38,4.77,7.62
1.67,3.73,5.12
2.6,3.19,2.46
5.22,3.62,1.58
2.53,3.26,2.98
3.55,3.39,2.04
1.64,3.31,5.48
4.24,3.59,1.83
2.6,3.76,2.19
1.86,3.57,3.85
2.52,3.34,2.78
2.22,4.05,2.68
1.31,5.44,8.26
4.88,3.88,1.65
1.43,5.1,5.68
1.6,4.21,4.11
1.62,3.68,5.19
7.7,6.5,1.21
1.64,3.98,3.91
2.35,3.43,2.77
1.31,5.6,8.43
2.42,3.36,2.85
2.07,3.46,3.46
2.26,3.1,3.11
4.3,3.54,1.74
1.28,5.63,10.09
1.86,3.15,4.98
1.73,3.63,3.87
2.39,3.71,2.34
2.57,3.4,2.68
8.56,5.37,1.33
1.68,3.74,4.14
2.29,3.04,2.98
1.89,3.11,4.34
3.96,2.88,1.97
1.92,3.48,3.8
1.97,3.42,3.71
5.16,3.83,1.63
1.89,3.43,4.03
1.68,3.59,4.51
2.54,3.15,2.59
2.09,3.51,3.7
2.37,3.22,2.93
1.26,5.4,10.75
1.64,3.93,5.68
2.22,3.45,2.81
2.63,3.05,2.84
2.91,3.34,2.24
1.76,3.78,4.33
1.93,3.31,3.63
2.03,3.2,3.47
2.03,3.01,3.6
2.46,3.72,2.31
1.05,9.72,20.94
1.31,5.68,7.77
2.34,3.06,3.29
1.78,3.55,4.66
13.64,6.56,1.2
2.65,3.03,2.77
2.39,3.44,2.88
2.19,3.43,3.27
3.55,3.25,1.98
1.49,4.46,5.61
4.2,3.75,1.81
4.06,3.44,1.95
1.95,3.55,4.1
3.12,3.45,2.11
3.1,3.06,2.36
3.17,3.45,2.31
1.74,4.25,3.8
1.81,3.54,4.54
1.5,4.35,6.29
2.24,3.43,3.14
1.45,4.34,6.67
1.67,3.83,4.82
1.78,3.73,4.12
9.67,7.12,1.2
1.75,3.56,4.06
1.59,3.68,5.1
1.57,3.75,4.75
3.65,3.01,2.19
1.31,4.71,11.08
6.54,4.06,1.5
1.26,6.1,8.85
2.13,3.27,3.16
1.52,4.24,7.06
2.29,3.03,3
1.39,4.2,7.3
2.54,3.28,2.56
1.76,3.6,3.94
1.85,3.28,4.12
1.54,3.93,5.78
2.55,3.36,2.7
2.2,3.32,3.03
1.47,3.99,6.41
2.38,3.16,2.87
2.7,3.09,2.61
1.57,3.4,5.49
2.43,3.24,2.63
1.77,3.47,4.62
1.16,7.11,17.72
2.36,3.02,3.3
2.35,3.13,3.18
1.81,3.46,4.52
2.21,3.1,3.47
2.16,3.1,3.61
4.19,3.58,1.85
4.19,3.34,1.84
1.57,3.89,5.33
1.56,3.21,7.71
3.46,3.48,1.97
2.33,3.44,2.75
1.79,3.42,4.5
2.86,3.27,2.47
1.39,4.39,8.41
1.32,4.92,7.66
1.68,3.57,4.44
1.29,4.78,10.93
1.26,5.38,8.84
3.49,3.25,1.99
1.84,3.3,4.05
1.2,7.38,14.69
2.04,3.19,3.44
1.88,3.43,4.02
1.92,3.4,3.49
2.19,3.13,3.53
7.82,4.53,1.35
2.06,3.31,3.34
2.32,3.24,2.89
3.45,3.29,2.03
3.22,3.31,2.34
5.84,4.14,1.6
1.56,4.23,6.17
2.15,3.38,3.61
2.12,3.3,3.81
1.99,3.39,3.91
1.85,3.5,4.38
3.58,3.53,1.87
1.93,3.4,4.01
1.74,3.41,5.2
3.65,3.22,2.09
1.97,3.25,3.63
2.39,3.13,2.73
1.22,5.64,11.9
1.57,3.69,5.72
2.03,3.32,3.37
3.1,3.17,2.38
2.2,3.12,3.53
2.48,3.12,2.76
2.06,3.12,3.51
2.37,3.12,2.8
2.74,3.12,2.43
1.97,3.23,3.76
9.82,5.68,1.32
1.46,4.03,6.45
1.71,3.9,4.51
2.65,3.24,2.66
1.41,4.7,7.25
2.05,3.26,3.32
1.65,3.93,4.75
1.61,3.49,4.92
1.63,3.82,4.63
2.48,3.16,2.91
2.26,3.16,3
1.37,4.29,7.83
1.68,4.14,4.51
3.05,3.12,2.28
1.77,3.79,4.22
1.48,3.89,6.59
1.49,3.85,6.41
1.84,3.34,3.91
1.85,3.25,4.09
4.4,3.55,1.74
1.7,3.68,4.22
2.92,3.25,2.32
1.57,4.2,4.2
2.27,2.63,3.48
1.85,4,3.1
2.25,4.5,2.27
1.51,4.5,4.46
3.17,4.5,1.74
2.02,4,2.74
1.74,4.2,3.36
2.02,4,2.74
3.06,4,1.86
1.82,4.2,3.07
2.02,4,2.74
1.05,12,28
1.73,3.4,4.2
1.2,6.8,18
4.29,4,1.58
2.17,4,2.5
1.68,3.75,3.97
3.17,4.5,1.74
2.37,4.2,2.22
2.12,4,2.59
3.5,3.3,1.91
1.13,8,10
12,6.5,1.14
2.17,3.1,3.33
2.74,2.88,2.52
2.44,3.23,2.65
4.75,3.75,1.57
5,4,1.5
2.4,3.6,2.4
1.6,3.75,4.5
1.67,3.6,4.2
2.75,3.2,2.3
2.25,3.5,2.63
1.83,4,3.1
2.3,4,2.3
2.3,4,2.3
3,3.6,2
2.3,4,2.3
2.55,3,2.55
2.12,4,2.59
1.3,5,7
2.2,3.6,2.63
1.33,4,9
1.36,3.75,9
1.4,3.75,7.5
1.85,3.25,3.75
1.4,3.75,7.5
1.44,3.6,7
2.5,3.2,2.5
1.26,5.5,7.4
1.26,5.5,7.4
2.69,3.74,2.12
1.3,5.5,6.35
1.95,3.3,3.3
2.5,3.2,2.5
3.3,3.5,1.91
1.8,3.4,3.75
2.1,3.25,3
2.5,3.2,2.5
1.57,3.4,5.5
1.28,5.6,8.95
1.81,4.25,3.5
1.9,4.2,3.24
2.25,4,2.4
1.55,4.08,4.34
3.32,3.78,1.8
1.6,3.97,4.12
6,4.4,1.4
1.29,5.83,9.15
7.9,4.36,1.4
1.8,3.75,3.4
3.24,4,1.81
2.12,3.9,3.1
1.71,3.77,4.83
1.8,3.71,4.3
1.92,3.75,3.09
2.01,3.75,2.7
2.18,3.87,2.57
1.81,3.75,3.4
2.11,3.75,2.7
2.11,3.75,2.7
2.33,3.41,2.81
2.1,3.2,3.1
4.94,3.29,1.79
2.05,3.4,2.7
1.37,4.2,5.5
1.57,3.27,5.97
8.49,5.65,1.3
2.06,3.18,3.74
4.07,3.57,1.75
2.22,2.66,1.62
2.42,3.38,2.81
1.76,4.13,4.02
3.03,3.13,2.4
2.62,3.25,2.69
2.92,3.44,2.31
2.33,3.25,2.92
2.7,3.25,2.2
1.87,3.55,4.18
1.58,3.72,6.47
2.29,3.17,3.29
2.29,3.45,3.05
4.02,3.76,1.69
2.39,3.38,2.87
4.3,3.36,1.83
1.67,3.4,4.52
2.1,4,3.08
1.92,3.74,3.1
2.19,3.51,3.04
2.2,3.42,3.11
1.28,5.09,11.49
2.17,3.2,3.15
2.09,3.06,3.96
3.2,3.47,2.1
2.26,3.47,2.86
7.11,4.39,1.44
3.15,3.23,2.43
2.33,3.27,3.11
1.77,3.3,5.06
2.05,3.98,3.09
2.89,3.07,2.55
2.19,3.19,3.52
1.3,5.76,11.06
2.53,3.11,2.93
1.38,5.01,6.32
1.54,4.18,5.21
2.22,3.32,3.49
1.99,3.19,3.63
3.34,3.14,2.29
2.05,3.23,3.54
1.91,3.19,4.08
2,4,2.75
2,3.3,3.25
2.31,3.4,2.6
1.74,3.75,3.74
5.7,4.38,1.41
2.1,3.25,3
1.8,3.25,4
1.14,6.8,14.5
1.98,3.3,3.52
2.22,3.24,2.8
2.87,3.4,2.11
1.89,3.18,4.04
2.2,3.15,3.13
4.8,3.5,1.62
1.34,5,5.95
1.57,4.33,4
1.67,3.5,4.33
2.04,3.25,3.55
1.8,3.64,4.22
2.11,3.56,3.19
2.11,3.35,3.59
7.17,5.01,1.38
15,6.87,1.17
2.9,3.33,2.14
1.1,8,12
1.03,15,17
2.1,3.25,3
1.73,3.75,3.75
1.05,10.87,18.04
1.01,18.97,27.61
1.34,5.02,6.05
1.36,4.74,6.4
1.31,5.07,7.02
1.04,12.87,17.03
1.01,19,29.58
